<?xml version="1.0" encoding="UTF-8"?>
<metadata xml:lang="zh"><Esri><CreaDate>20201229</CreaDate><CreaTime>10350900</CreaTime><ArcGISFormat>1.0</ArcGISFormat><SyncOnce>FALSE</SyncOnce><DataProperties><lineage><Process ToolSource="d:\softs\soft\gis\arcgispro26\Resources\ArcToolbox\toolboxes\Data Management Tools.tbx\CreateFeatureclass" Date="20201229" Time="103509">CreateFeatureclass F:\杂七杂八\学习资料\ArcGIS学习：用Python实现地图四色填充（数据与工具）\实例数据 china_5_fen_new2.shp Polygon # No No "GEOGCS['GCS_WGS_1984',DATUM['D_WGS_1984',SPHEROID['WGS_1984',6378137.0,298.257223563]],PRIMEM['Greenwich',0.0],UNIT['Degree',0.0174532925199433]];-400 -400 1000000000;-100000 10000;-100000 10000;8.98315284119521E-09;0.001;0.001;IsHighPrecision" # 0 0 0 #</Process><Process ToolSource="d:\softs\soft\gis\arcgispro26\Resources\ArcToolbox\toolboxes\Data Management Tools.tbx\AddField" Date="20201229" Time="103509">AddField F:\杂七杂八\学习资料\ArcGIS学习：用Python实现地图四色填充（数据与工具）\实例数据\china_5_fen_new2.shp GRID_ID Text # # 12 # NULLABLE NON_REQUIRED #</Process><Process ToolSource="d:\softs\soft\gis\arcgispro26\Resources\ArcToolbox\toolboxes\Data Management Tools.tbx\GenerateTessellation" Date="20201229" Time="103509">GenerateTessellation F:\杂七杂八\学习资料\ArcGIS学习：用Python实现地图四色填充（数据与工具）\实例数据\china_5_fen_new2.shp "73.4469604492188 18.1608963012695 135.085830688477 53.5579261779785" "Transverse hexagon" "37.9456 Unknown" "GEOGCS['GCS_WGS_1984',DATUM['D_WGS_1984',SPHEROID['WGS_1984',6378137.0,298.257223563]],PRIMEM['Greenwich',0.0],UNIT['Degree',0.0174532925199433]];-400 -400 1000000000;-100000 10000;-100000 10000;8.98315284119521E-09;0.001;0.001;IsHighPrecision"</Process><Process ToolSource="d:\softs\soft\gis\arcgispro26\Resources\ArcToolbox\toolboxes\Data Management Tools.tbx\UpdateSchema" Date="20201229" Time="103526">UpdateSchema "CIMDATA=&lt;CIMStandardDataConnection xsi:type='typens:CIMStandardDataConnection' xmlns:xsi='http://www.w3.org/2001/XMLSchema-instance' xmlns:xs='http://www.w3.org/2001/XMLSchema' xmlns:typens='http://www.esri.com/schemas/ArcGIS/2.7.0'&gt;&lt;WorkspaceConnectionString&gt;DATABASE=F:\杂七杂八\学习资料\ArcGIS学习：用Python实现地图四色填充（数据与工具）\实例数据&lt;/WorkspaceConnectionString&gt;&lt;WorkspaceFactory&gt;Shapefile&lt;/WorkspaceFactory&gt;&lt;Dataset&gt;china_5_fen_new2&lt;/Dataset&gt;&lt;DatasetType&gt;esriDTFeatureClass&lt;/DatasetType&gt;&lt;/CIMStandardDataConnection&gt;" &lt;operationSequence&gt;&lt;workflow&gt;&lt;AddField&gt;&lt;field_name&gt;unicid&lt;/field_name&gt;&lt;field_type&gt;SHORT&lt;/field_type&gt;&lt;field_is_nullable&gt;False&lt;/field_is_nullable&gt;&lt;field_is_required&gt;False&lt;/field_is_required&gt;&lt;/AddField&gt;&lt;/workflow&gt;&lt;/operationSequence&gt;</Process><Process ToolSource="d:\softs\soft\gis\arcgispro26\Resources\ArcToolbox\toolboxes\Data Management Tools.tbx\CalculateField" Date="20201229" Time="103541">CalculateField china_5_fen_new2 unicid "!FID! + 1" "Python 3" # Text</Process><Process ToolSource="d:\softs\soft\gis\arcgispro26\Resources\ArcToolbox\toolboxes\Data Management Tools.tbx\DeleteField" Date="20201229" Time="103549">DeleteField china_5_fen_new2 GRID_ID</Process><Process ToolSource="d:\softs\soft\gis\arcgispro26\Resources\ArcToolbox\toolboxes\Analysis Tools.tbx\SpatialJoin" Date="20201229" Time="103629">SpatialJoin china_5_fen_new2 china_5_fen_new2 F:\杂七杂八\学习资料\ArcGIS学习：用Python实现地图四色填充（数据与工具）\实例数据\china_5_fen_new3.shp "Join one to one" KEEP_ALL "Id "Id" true true false 6 Long 0 6,First,#,china_5_fen_new2,Id,-1,-1;unicid "unicid" true true false 5 Long 0 5,First,#,china_5_fen_new2,unicid,-1,-1;Id_1 "Id" true true false 6 Long 0 6,First,#,china_5_fen_new2,Id,-1,-1;unicid_1 "unicid" true true false 5 Long 0 5,First,#,china_5_fen_new2,unicid,-1,-1;connection "connection" true true false 255 Text 0 0,Join," ",china_5_fen_new2,unicid,-1,-1,china_5_fen_new2,unicid,-1,-1" Intersect # #</Process><Process ToolSource="d:\softs\soft\gis\arcgispro26\Resources\ArcToolbox\toolboxes\Data Management Tools.tbx\AddField" Date="20201229" Time="103812">AddField F:\杂七杂八\学习资料\ArcGIS学习：用Python实现地图四色填充（数据与工具）\实例数据\china_5_fen_new3.shp color "Short (small integer)" # # # # NULLABLE NON_REQUIRED #</Process><Process ToolSource="d:\softs\soft\gis\arcgispro26\Resources\ArcToolbox\toolboxes\Data Management Tools.tbx\DeleteField" Date="20201229" Time="105623">DeleteField china_5_fen_new3 TARGET_FID</Process><Process ToolSource="d:\softs\soft\gis\arcgispro26\Resources\ArcToolbox\toolboxes\Data Management Tools.tbx\DeleteField" Date="20201229" Time="105627">DeleteField china_5_fen_new3 Join_Count</Process><Process ToolSource="d:\softs\soft\gis\arcgispro26\Resources\ArcToolbox\toolboxes\Data Management Tools.tbx\DeleteField" Date="20201229" Time="105630">DeleteField china_5_fen_new3 Id</Process><Process ToolSource="d:\softs\soft\gis\arcgispro26\Resources\ArcToolbox\toolboxes\Data Management Tools.tbx\DeleteField" Date="20201229" Time="105633">DeleteField china_5_fen_new3 Id_1</Process><Process ToolSource="d:\softs\soft\gis\arcgispro26\Resources\ArcToolbox\toolboxes\Data Management Tools.tbx\DeleteField" Date="20201229" Time="105636">DeleteField china_5_fen_new3 unicid_1</Process><Process ToolSource="d:\softs\soft\gis\arcgispro26\Resources\ArcToolbox\toolboxes\Data Management Tools.tbx\DeleteField" Date="20201229" Time="105642">DeleteField china_5_fen_new3 color</Process><Process ToolSource="d:\softs\soft\gis\arcgispro26\Resources\ArcToolbox\toolboxes\Data Management Tools.tbx\AddField" Date="20201229" Time="110316">AddField china_5_fen_new3 color "Short (small integer)" # # # # NULLABLE NON_REQUIRED #</Process><Process ToolSource="d:\softs\soft\gis\arcgispro26\Resources\ArcToolbox\toolboxes\Data Management Tools.tbx\DeleteField" Date="20201229" Time="110454">DeleteField china_5_fen_new3 color</Process><Process ToolSource="d:\softs\soft\gis\arcgispro26\Resources\ArcToolbox\toolboxes\Data Management Tools.tbx\AddField" Date="20201229" Time="110455">AddField china_5_fen_new3 color "Short (small integer)" # # # # NULLABLE NON_REQUIRED #</Process><Process ToolSource="d:\softs\soft\gis\arcgispro26\Resources\ArcToolbox\toolboxes\Data Management Tools.tbx\DeleteField" Date="20201229" Time="110504">DeleteField china_5_fen_new3 color</Process><Process ToolSource="d:\softs\soft\gis\arcgispro26\Resources\ArcToolbox\toolboxes\Data Management Tools.tbx\AddField" Date="20201229" Time="110504">AddField china_5_fen_new3 color "Short (small integer)" # # # # NULLABLE NON_REQUIRED #</Process><Process ToolSource="d:\softs\soft\gis\arcgispro26\Resources\ArcToolbox\toolboxes\Data Management Tools.tbx\DeleteField" Date="20201229" Time="110512">DeleteField china_5_fen_new3 color</Process><Process ToolSource="d:\softs\soft\gis\arcgispro26\Resources\ArcToolbox\toolboxes\Data Management Tools.tbx\AddField" Date="20201229" Time="110512">AddField china_5_fen_new3 color "Short (small integer)" # # # # NULLABLE NON_REQUIRED #</Process><Process ToolSource="d:\softs\soft\gis\arcgispro26\Resources\ArcToolbox\toolboxes\Data Management Tools.tbx\DeleteField" Date="20201229" Time="135939">DeleteField china_5_fen_new3 color</Process><Process ToolSource="d:\softs\soft\gis\arcgispro26\Resources\ArcToolbox\toolboxes\Data Management Tools.tbx\AddField" Date="20201229" Time="135958">AddField china_5_fen_new3 color "Short (small integer)" # # # # NULLABLE NON_REQUIRED #</Process><Process ToolSource="d:\softs\soft\gis\arcgispro26\Resources\ArcToolbox\toolboxes\Data Management Tools.tbx\DeleteField" Date="20201229" Time="140017">DeleteField china_5_fen_new3 color</Process><Process ToolSource="d:\softs\soft\gis\arcgispro26\Resources\ArcToolbox\toolboxes\Data Management Tools.tbx\AddField" Date="20201229" Time="140301">AddField china_5_fen_new3 color2 "Short (small integer)" # # # # NULLABLE NON_REQUIRED #</Process><Process ToolSource="d:\softs\soft\gis\arcgispro26\Resources\ArcToolbox\toolboxes\Data Management Tools.tbx\DeleteField" Date="20201229" Time="140317">DeleteField china_5_fen_new3 color2</Process><Process ToolSource="d:\softs\soft\gis\arcgispro26\Resources\ArcToolbox\toolboxes\Data Management Tools.tbx\AddField" Date="20201229" Time="140318">AddField china_5_fen_new3 color2 "Short (small integer)" # # # # NULLABLE NON_REQUIRED #</Process><Process ToolSource="d:\softs\soft\gis\arcgispro26\Resources\ArcToolbox\toolboxes\Data Management Tools.tbx\AddField" Date="20201229" Time="140343">AddField china_5_fen_new3 color "Short (small integer)" # # # # NULLABLE NON_REQUIRED #</Process><Process ToolSource="d:\softs\soft\gis\arcgispro26\Resources\ArcToolbox\toolboxes\Data Management Tools.tbx\DeleteField" Date="20201229" Time="140616">DeleteField china_5_fen_new3 color2</Process><Process ToolSource="d:\softs\soft\gis\arcgispro26\Resources\ArcToolbox\toolboxes\Data Management Tools.tbx\DeleteField" Date="20201229" Time="140620">DeleteField china_5_fen_new3 color</Process><Process ToolSource="d:\softs\soft\gis\arcgispro26\Resources\ArcToolbox\toolboxes\Data Management Tools.tbx\AddField" Date="20201229" Time="141319">AddField china_5_fen_new3 color2 "Short (small integer)" # # # # NULLABLE NON_REQUIRED #</Process><Process ToolSource="d:\softs\soft\gis\arcgispro26\Resources\ArcToolbox\toolboxes\Data Management Tools.tbx\AddField" Date="20201229" Time="141521">AddField china_5_fen_new3 color3 "Short (small integer)" # # # # NULLABLE NON_REQUIRED #</Process><Process ToolSource="d:\softs\soft\gis\arcgispro26\Resources\ArcToolbox\toolboxes\Data Management Tools.tbx\DeleteField" Date="20201229" Time="142408">DeleteField F:\杂七杂八\学习资料\ArcGIS学习：用Python实现地图四色填充（数据与工具）\实例数据\china_5_fen_new3.shp color2</Process><Process ToolSource="d:\softs\soft\gis\arcgispro26\Resources\ArcToolbox\toolboxes\Data Management Tools.tbx\AddField" Date="20201229" Time="142408">AddField F:\杂七杂八\学习资料\ArcGIS学习：用Python实现地图四色填充（数据与工具）\实例数据\china_5_fen_new3.shp color2 "Short (small integer)" # # # # NULLABLE NON_REQUIRED #</Process><Process ToolSource="d:\softs\soft\gis\arcgispro26\Resources\ArcToolbox\toolboxes\Data Management Tools.tbx\AddField" Date="20201229" Time="142444">AddField F:\杂七杂八\学习资料\ArcGIS学习：用Python实现地图四色填充（数据与工具）\实例数据\china_5_fen_new3.shp color55 "Short (small integer)" # # # # NULLABLE NON_REQUIRED #</Process><Process ToolSource="d:\softs\soft\gis\arcgispro26\Resources\ArcToolbox\toolboxes\Data Management Tools.tbx\AddField" Date="20201229" Time="142729">AddField china_5_fen_new3 ccc "Short (small integer)" # # # # NULLABLE NON_REQUIRED #</Process><Process ToolSource="d:\softs\soft\gis\arcgispro26\Resources\ArcToolbox\toolboxes\Data Management Tools.tbx\DeleteField" Date="20201229" Time="142738">DeleteField china_5_fen_new3 color3</Process><Process ToolSource="d:\softs\soft\gis\arcgispro26\Resources\ArcToolbox\toolboxes\Data Management Tools.tbx\DeleteField" Date="20201229" Time="142741">DeleteField china_5_fen_new3 color2</Process><Process ToolSource="d:\softs\soft\gis\arcgispro26\Resources\ArcToolbox\toolboxes\Data Management Tools.tbx\DeleteField" Date="20201229" Time="142743">DeleteField china_5_fen_new3 color55</Process><Process ToolSource="d:\softs\soft\gis\arcgispro26\Resources\ArcToolbox\toolboxes\Data Management Tools.tbx\DeleteField" Date="20201229" Time="142746">DeleteField china_5_fen_new3 ccc</Process><Process ToolSource="d:\softs\soft\gis\arcgispro26\Resources\ArcToolbox\toolboxes\Data Management Tools.tbx\AddField" Date="20201229" Time="142824">AddField china_5_fen_new3 ccc "Short (small integer)" # # # # NULLABLE NON_REQUIRED #</Process><Process ToolSource="d:\softs\soft\gis\arcgispro26\Resources\ArcToolbox\toolboxes\Data Management Tools.tbx\DeleteField" Date="20201229" Time="142829">DeleteField china_5_fen_new3 ccc</Process><Process ToolSource="d:\softs\soft\gis\arcgispro26\Resources\ArcToolbox\toolboxes\Conversion Tools.tbx\FeatureClassToFeatureClass" Date="20201229" Time="142939">FeatureClassToFeatureClass china_5_fen_new3 D:\codeProjcet\ArcGISProPycharm\myScript\自用工具_github\Algorithm\回溯算法_四色填充\CSDN\四色制图样例数据 demo.shp # "unicid "unicid" true true false 5 Long 0 5,First,#,china_5_fen_new3,unicid,-1,-1;connection "connection" true true false 254 Text 0 0,First,#,china_5_fen_new3,connection,0,254" #</Process></lineage><itemProps><itemName Sync="TRUE">demo</itemName><imsContentType Sync="TRUE">002</imsContentType><itemSize Sync="TRUE">0.000</itemSize><itemLocation><linkage Sync="TRUE">file://\\GIS0421\D$\codeProjcet\ArcGISProPycharm\myScript\自用工具_github\Algorithm\回溯算法_四色填充\CSDN\四色制图样例数据\demo.shp</linkage><protocol Sync="TRUE">Local Area Network</protocol></itemLocation></itemProps><coordRef><type Sync="TRUE">Geographic</type><geogcsn Sync="TRUE">GCS_WGS_1984</geogcsn><csUnits Sync="TRUE">Angular Unit: Degree (0.017453)</csUnits><peXml Sync="TRUE">&lt;GeographicCoordinateSystem xsi:type='typens:GeographicCoordinateSystem' xmlns:xsi='http://www.w3.org/2001/XMLSchema-instance' xmlns:xs='http://www.w3.org/2001/XMLSchema' xmlns:typens='http://www.esri.com/schemas/ArcGIS/2.7.0'&gt;&lt;WKT&gt;GEOGCS[&amp;quot;GCS_WGS_1984&amp;quot;,DATUM[&amp;quot;D_WGS_1984&amp;quot;,SPHEROID[&amp;quot;WGS_1984&amp;quot;,6378137.0,298.257223563]],PRIMEM[&amp;quot;Greenwich&amp;quot;,0.0],UNIT[&amp;quot;Degree&amp;quot;,0.0174532925199433],AUTHORITY[&amp;quot;EPSG&amp;quot;,4326]]&lt;/WKT&gt;&lt;XOrigin&gt;-400&lt;/XOrigin&gt;&lt;YOrigin&gt;-400&lt;/YOrigin&gt;&lt;XYScale&gt;11258999068426.238&lt;/XYScale&gt;&lt;ZOrigin&gt;-100000&lt;/ZOrigin&gt;&lt;ZScale&gt;10000&lt;/ZScale&gt;&lt;MOrigin&gt;-100000&lt;/MOrigin&gt;&lt;MScale&gt;10000&lt;/MScale&gt;&lt;XYTolerance&gt;8.983152841195215e-09&lt;/XYTolerance&gt;&lt;ZTolerance&gt;0.001&lt;/ZTolerance&gt;&lt;MTolerance&gt;0.001&lt;/MTolerance&gt;&lt;HighPrecision&gt;true&lt;/HighPrecision&gt;&lt;LeftLongitude&gt;-180&lt;/LeftLongitude&gt;&lt;WKID&gt;4326&lt;/WKID&gt;&lt;LatestWKID&gt;4326&lt;/LatestWKID&gt;&lt;/GeographicCoordinateSystem&gt;</peXml></coordRef><LayerFile>{"type":"CIMLayerDocument","version":"2.7.0","build":26828,"layers":["CIMPATH=Map/0c9d029c42db49cfb750af5d15f8bc4f.xml"],"layerDefinitions":[{"type":"CIMFeatureLayer","name":"demo","uRI":"CIMPATH=Map/0c9d029c42db49cfb750af5d15f8bc4f.xml","sourceModifiedTime":{"type":"TimeInstant"},"useSourceMetadata":true,"description":"china_5_fen_new3","layerElevation":{"type":"CIMLayerElevationSurface","mapElevationID":"{22601FAB-17BD-4BA8-A234-028209598B3A}"},"expanded":true,"layerType":"Operational","showLegends":true,"visibility":true,"displayCacheType":"Permanent","maxDisplayCacheAge":5,"showPopups":true,"serviceLayerID":-1,"refreshRate":-1,"refreshRateUnit":"esriTimeUnitsSeconds","blendingMode":"Alpha","autoGenerateFeatureTemplates":true,"featureElevationExpression":"0","featureTable":{"type":"CIMFeatureTable","displayField":"unicid","editable":true,"dataConnection":{"type":"CIMStandardDataConnection","workspaceConnectionString":"DATABASE=D:\\codeProjcet\\ArcGISProPycharm\\myScript\\自用工具_github\\Algorithm\\回溯算法_四色填充\\CSDN\\四色制图样例数据","workspaceFactory":"Shapefile","dataset":"demo","datasetType":"esriDTFeatureClass"},"studyAreaSpatialRel":"esriSpatialRelUndefined","searchOrder":"esriSearchOrderSpatial"},"htmlPopupEnabled":true,"selectable":true,"featureCacheType":"Session","displayFiltersType":"ByScale","featureBlendingMode":"Alpha","labelClasses":[{"type":"CIMLabelClass","expressionTitle":"Custom","expression":"$feature.unicid","expressionEngine":"Arcade","featuresToLabel":"AllVisibleFeatures","maplexLabelPlacementProperties":{"type":"CIMMaplexLabelPlacementProperties","featureType":"Polygon","avoidPolygonHoles":true,"canOverrunFeature":true,"canPlaceLabelOutsidePolygon":true,"canRemoveOverlappingLabel":true,"canStackLabel":true,"connectionType":"Unambiguous","constrainOffset":"NoConstraint","contourAlignmentType":"Page","contourLadderType":"Straight","contourMaximumAngle":90,"enableConnection":true,"featureWeight":0,"fontHeightReductionLimit":4,"fontHeightReductionStep":0.5,"fontWidthReductionLimit":90,"fontWidthReductionStep":5,"graticuleAlignmentType":"Straight","keyNumberGroupName":"Default","labelBuffer":15,"labelLargestPolygon":true,"labelPriority":-1,"labelStackingProperties":{"type":"CIMMaplexLabelStackingProperties","stackAlignment":"ChooseBest","maximumNumberOfLines":3,"minimumNumberOfCharsPerLine":3,"maximumNumberOfCharsPerLine":24,"separators":[{"type":"CIMMaplexStackingSeparator","separator":" ","splitAfter":true},{"type":"CIMMaplexStackingSeparator","separator":",","visible":true,"splitAfter":true}]},"lineFeatureType":"General","linePlacementMethod":"OffsetCurvedFromLine","maximumLabelOverrun":80,"maximumLabelOverrunUnit":"Point","minimumFeatureSizeUnit":"Map","multiPartOption":"OneLabelPerPart","offsetAlongLineProperties":{"type":"CIMMaplexOffsetAlongLineProperties","placementMethod":"BestPositionAlongLine","labelAnchorPoint":"CenterOfLabel","distanceUnit":"Percentage","useLineDirection":true},"pointExternalZonePriorities":{"type":"CIMMaplexExternalZonePriorities","aboveLeft":4,"aboveCenter":2,"aboveRight":1,"centerRight":3,"belowRight":5,"belowCenter":7,"belowLeft":8,"centerLeft":6},"pointPlacementMethod":"AroundPoint","polygonAnchorPointType":"GeometricCenter","polygonBoundaryWeight":0,"polygonExternalZones":{"type":"CIMMaplexExternalZonePriorities","aboveLeft":4,"aboveCenter":2,"aboveRight":1,"centerRight":3,"belowRight":5,"belowCenter":7,"belowLeft":8,"centerLeft":6},"polygonFeatureType":"General","polygonInternalZones":{"type":"CIMMaplexInternalZonePriorities","center":1},"polygonPlacementMethod":"HorizontalInPolygon","primaryOffset":1,"primaryOffsetUnit":"Point","removeExtraWhiteSpace":true,"repetitionIntervalUnit":"Point","rotationProperties":{"type":"CIMMaplexRotationProperties","rotationType":"Arithmetic","alignmentType":"Straight"},"secondaryOffset":100,"strategyPriorities":{"type":"CIMMaplexStrategyPriorities","stacking":1,"overrun":2,"fontCompression":3,"fontReduction":4,"abbreviation":5},"thinningDistanceUnit":"Point","truncationMarkerCharacter":".","truncationMinimumLength":1,"truncationPreferredCharacters":"aeiou","truncationExcludedCharacters":"0123456789","polygonAnchorPointPerimeterInsetUnit":"Point"},"name":"Class 1","priority":-1,"standardLabelPlacementProperties":{"type":"CIMStandardLabelPlacementProperties","featureType":"Line","featureWeight":"None","labelWeight":"High","numLabelsOption":"OneLabelPerName","lineLabelPosition":{"type":"CIMStandardLineLabelPosition","above":true,"inLine":true,"parallel":true},"lineLabelPriorities":{"type":"CIMStandardLineLabelPriorities","aboveStart":3,"aboveAlong":3,"aboveEnd":3,"centerStart":3,"centerAlong":3,"centerEnd":3,"belowStart":3,"belowAlong":3,"belowEnd":3},"pointPlacementMethod":"AroundPoint","pointPlacementPriorities":{"type":"CIMStandardPointPlacementPriorities","aboveLeft":2,"aboveCenter":2,"aboveRight":1,"centerLeft":3,"centerRight":2,"belowLeft":3,"belowCenter":3,"belowRight":2},"rotationType":"Arithmetic","polygonPlacementMethod":"AlwaysHorizontal"},"textSymbol":{"type":"CIMSymbolReference","symbol":{"type":"CIMTextSymbol","blockProgression":"TTB","depth3D":1,"extrapolateBaselines":true,"fontEffects":"Normal","fontEncoding":"Unicode","fontFamilyName":"SimSun","fontStyleName":"Regular","fontType":"Unspecified","haloSize":1,"height":10,"hinting":"Default","horizontalAlignment":"Left","kerning":true,"letterWidth":100,"ligatures":true,"lineGapType":"ExtraLeading","symbol":{"type":"CIMPolygonSymbol","symbolLayers":[{"type":"CIMSolidFill","enable":true,"color":{"type":"CIMRGBColor","values":[0,0,0,100]}}]},"textCase":"Normal","textDirection":"LTR","verticalAlignment":"Bottom","verticalGlyphOrientation":"Right","wordSpacing":100,"billboardMode3D":"FaceNearPlane"}},"useCodedValue":true,"visibility":true,"iD":-1}],"renderer":{"type":"CIMSimpleRenderer","patch":"Default","symbol":{"type":"CIMSymbolReference","symbol":{"type":"CIMPolygonSymbol","symbolLayers":[{"type":"CIMSolidStroke","enable":true,"capStyle":"Round","joinStyle":"Round","lineStyle3D":"Strip","miterLimit":10,"width":0.69999999999999996,"color":{"type":"CIMRGBColor","values":[110,110,110,100]}},{"type":"CIMSolidFill","enable":true,"color":{"type":"CIMRGBColor","values":[186.81,187.91,252.449999999999989,100]}}]}}},"scaleSymbols":true,"snappable":true}]}</LayerFile></DataProperties><SyncDate>20201229</SyncDate><SyncTime>14293900</SyncTime><ModDate>20201229</ModDate><ModTime>14293900</ModTime></Esri><dataIdInfo><envirDesc Sync="TRUE">Microsoft Windows 10 Version 10.0 (Build 18363) ; Esri ArcGIS 12.7.0.26828</envirDesc><dataLang><languageCode value="zho" Sync="TRUE"></languageCode><countryCode value="CHN" Sync="TRUE"></countryCode></dataLang><idCitation><resTitle Sync="TRUE">demo</resTitle><presForm><PresFormCd value="005" Sync="TRUE"></PresFormCd></presForm></idCitation><spatRpType><SpatRepTypCd value="001" Sync="TRUE"></SpatRepTypCd></spatRpType></dataIdInfo><mdLang><languageCode value="zho" Sync="TRUE"></languageCode><countryCode value="CHN" Sync="TRUE"></countryCode></mdLang><mdChar><CharSetCd value="004" Sync="TRUE"></CharSetCd></mdChar><distInfo><distFormat><formatName Sync="TRUE">Shapefile</formatName></distFormat><distTranOps><transSize Sync="TRUE">0.000</transSize></distTranOps></distInfo><mdHrLv><ScopeCd value="005" Sync="TRUE"></ScopeCd></mdHrLv><mdHrLvName Sync="TRUE">dataset</mdHrLvName><refSysInfo><RefSystem><refSysID><identCode code="4326" Sync="TRUE"></identCode><idCodeSpace Sync="TRUE">EPSG</idCodeSpace><idVersion Sync="TRUE">6.2(3.0.1)</idVersion></refSysID></RefSystem></refSysInfo><spatRepInfo><VectSpatRep><geometObjs Name="demo"><geoObjTyp><GeoObjTypCd value="002" Sync="TRUE"></GeoObjTypCd></geoObjTyp><geoObjCnt Sync="TRUE">0</geoObjCnt></geometObjs><topLvl><TopoLevCd value="001" Sync="TRUE"></TopoLevCd></topLvl></VectSpatRep></spatRepInfo><spdoinfo><ptvctinf><esriterm Name="demo"><efeatyp Sync="TRUE">Simple</efeatyp><efeageom code="4" Sync="TRUE"></efeageom><esritopo Sync="TRUE">FALSE</esritopo><efeacnt Sync="TRUE">0</efeacnt><spindex Sync="TRUE">FALSE</spindex><linrefer Sync="TRUE">FALSE</linrefer></esriterm></ptvctinf></spdoinfo><eainfo><detailed Name="demo"><enttyp><enttypl Sync="TRUE">demo</enttypl><enttypt Sync="TRUE">Feature Class</enttypt><enttypc Sync="TRUE">0</enttypc></enttyp><attr><attrlabl Sync="TRUE">FID</attrlabl><attalias Sync="TRUE">FID</attalias><attrtype Sync="TRUE">OID</attrtype><attwidth Sync="TRUE">4</attwidth><atprecis Sync="TRUE">0</atprecis><attscale Sync="TRUE">0</attscale><attrdef Sync="TRUE">Internal feature number.</attrdef><attrdefs Sync="TRUE">Esri</attrdefs><attrdomv><udom Sync="TRUE">Sequential unique whole numbers that are automatically generated.</udom></attrdomv></attr><attr><attrlabl Sync="TRUE">Shape</attrlabl><attalias Sync="TRUE">Shape</attalias><attrtype Sync="TRUE">Geometry</attrtype><attwidth Sync="TRUE">0</attwidth><atprecis Sync="TRUE">0</atprecis><attscale Sync="TRUE">0</attscale><attrdef Sync="TRUE">Feature geometry.</attrdef><attrdefs Sync="TRUE">Esri</attrdefs><attrdomv><udom Sync="TRUE">Coordinates defining the features.</udom></attrdomv></attr><attr><attrlabl Sync="TRUE">unicid</attrlabl><attalias Sync="TRUE">unicid</attalias><attrtype Sync="TRUE">Integer</attrtype><attwidth Sync="TRUE">5</attwidth><atprecis Sync="TRUE">5</atprecis><attscale Sync="TRUE">0</attscale></attr><attr><attrlabl Sync="TRUE">connection</attrlabl><attalias Sync="TRUE">connection</attalias><attrtype Sync="TRUE">String</attrtype><attwidth Sync="TRUE">254</attwidth><atprecis Sync="TRUE">0</atprecis><attscale Sync="TRUE">0</attscale></attr></detailed></eainfo><mdDateSt Sync="TRUE">20201229</mdDateSt></metadata>
